select * from products;

update products
set supplier_id='samsung';


update suppliers
set supplier_id='samsung'
where supplier_id='SAMSUNG';


delete from products;
delete from suppliers;

INSERT INTO CATEGORIES VALUES(1000,'smart_phone','DESCRIPTION');
INSERT INTO CATEGORIES VALUES(1001,'desk_top','DESCRIPTION');
INSERT INTO CATEGORIES VALUES(1002,'lab_top','DESCRIPTION');
INSERT INTO CATEGORIES VALUES(1003,'air_cleaner','DESCRIPTION');
INSERT INTO CATEGORIES VALUES(1004,'refrigerator','DESCRIPTION');

-- ======================================

INSERT INTO SUPPLIERS VALUES('SAMSUNG','김승아','SAMSUNG','암천빌딩','서울특별시 강남구 테헤란로 421','06160','한국','010-2456-8822');
INSERT INTO SUPPLIERS VALUES('LG','이종협','LG','현대타운 207호','경기도 화성시 영통로27번길 53','18376','한국','010-2341-4256');
INSERT INTO SUPPLIERS VALUES('APPLE','Tim Cook','APPLE','쿠퍼티노 인피니트 루프 1','미국 캘리포니아 주','07255','미국','010-1187-2419');
INSERT INTO SUPPLIERS VALUES('XIAOMI','남기호','XIAOMI','거구장 3층 비트캠프','서울 마포구 백범로 23','04108','중국','010-2152-1231');

-- ======================================

INSERT INTO PRODUCTS VALUES (0,'GALAXY 10','SAMSUNG',1000,'SMARTPHONE',1039000);
INSERT INTO PRODUCTS VALUES (0, 'A9 Pro', 'SAMSUNG', 1000 , 'SMARTPHONE', 941500);
INSERT INTO PRODUCTS VALUES (0, 'Galaxy J4+', 'SAMSUNG', 1000 , 'SMARTPHONE', 840500);
INSERT INTO PRODUCTS VALUES (0, 'Galaxy J4', 'SAMSUNG', 1000 , 'SMARTPHONE', 850000);
INSERT INTO PRODUCTS VALUES (0, 'Galaxy A8', 'SAMSUNG', 1000 , 'SMARTPHONE', 860000);
INSERT INTO PRODUCTS VALUES (0, 'Galaxy S10', 'SAMSUNG', 1000 , 'SMARTPHONE', 861000);
INSERT INTO PRODUCTS VALUES (0, 'Galaxy S10+', 'SAMSUNG', 1000 , 'SMARTPHONE', 864000);
INSERT INTO PRODUCTS VALUES (0, 'Galaxy S9', 'SAMSUNG', 1000 , 'SMARTPHONE', 884000);
INSERT INTO PRODUCTS VALUES (0, 'Galaxy S9+', 'SAMSUNG', 1000 , 'SMARTPHONE', 889000);
INSERT INTO PRODUCTS VALUES (0, 'Galaxy S8', 'SAMSUNG', 1000 , 'SMARTPHONE', 989000);

INSERT INTO PRODUCTS VALUES (0, 'Galaxy S8+', 'SAMSUNG', 1000 , 'SMARTPHONE', 984000);
INSERT INTO PRODUCTS VALUES (0, 'Galaxy S7', 'SAMSUNG', 1000 , 'SMARTPHONE', 964000);
INSERT INTO PRODUCTS VALUES (0, 'Galaxy S7+', 'SAMSUNG', 1000 , 'SMARTPHONE', 965000);
INSERT INTO PRODUCTS VALUES (0, 'Galaxy S7 Edge ', 'SAMSUNG', 1000 , 'SMARTPHONE', 980000);
INSERT INTO PRODUCTS VALUES (0, 'Galaxy NOTE 7', 'SAMSUNG', 1000 , 'SMARTPHONE', 985000);
INSERT INTO PRODUCTS VALUES (0, 'Galaxy NOTE 8', 'SAMSUNG', 1000 , 'SMARTPHONE', 1003000);
INSERT INTO PRODUCTS VALUES (0, 'Galaxy NOTE 9', 'SAMSUNG', 1000 , 'SMARTPHONE', 1053000);
INSERT INTO PRODUCTS VALUES (0, 'Galaxy NOTE 10', 'SAMSUNG', 1000 , 'SMARTPHONE', 1094500);
INSERT INTO PRODUCTS VALUES (0, 'IPHONE X', 'APPLE', 1000 , 'SMARTPHONE', 1022800);
INSERT INTO PRODUCTS VALUES (0, 'IPHONE 7', 'APPLE', 1000 , 'SMARTPHONE', 867700);

INSERT INTO PRODUCTS VALUES (0, 'IPHONE 6', 'APPLE', 1000 , 'SMARTPHONE', 984000);
INSERT INTO PRODUCTS VALUES (0, 'IPHONE 6s', 'APPLE', 1000 , 'SMARTPHONE', 850000);
INSERT INTO PRODUCTS VALUES (0, 'IPHONE 8+', 'APPLE', 1000 , 'SMARTPHONE', 836750);
INSERT INTO PRODUCTS VALUES (0, 'MIMAX3', 'XIAOMI', 1000 , 'SMARTPHONE', 312960);
INSERT INTO PRODUCTS VALUES (0, 'REDMI 5 PLUS', 'XIAOMI', 1000 , 'SMARTPHONE', 178100);
INSERT INTO PRODUCTS VALUES (0, 'POCO PHONE F1', 'XIAOMI', 1000 , 'SMARTPHONE', 357000);
INSERT INTO PRODUCTS VALUES (0, 'HONGMI NOTE7', 'XIAOMI', 1000 , 'SMARTPHONE', 281000);
INSERT INTO PRODUCTS VALUES (0, 'BLACK SHARK', 'XIAOMI', 1000 , 'SMARTPHONE', 567000);
INSERT INTO PRODUCTS VALUES (0, 'V40', 'LG', 1000 , 'SMARTPHONE', 924000);
INSERT INTO PRODUCTS VALUES (0, 'V30', 'LG', 1000 , 'SMARTPHONE', 567000);

INSERT INTO PRODUCTS VALUES (0, 'G7', 'LG', 1000 , 'SMARTPHONE', 850000);